file,bytes,used_on_pages,alt_texts
2024/05/Garage-Door-Repair-2.webp,66214,home,Garage Door Repair
2024/05/Reliable-Garage-Door-Contractor.webp,236678,home,
2024/05/garage-door-badge.webp,5488,home,icon
2025/08/Garage-Door-Cable-Repair.webp,41148,home,Garage Door Cable Repair
2025/08/Garage-Door-Maintenance.webp,26610,home,Garage Door Maintenance
2025/08/Garage-Door-Opener-Repair.webp,32534,home,Garage Door Opener Repair
2025/08/Garage-Door-Replacement.webp,43228,home,Garage Door Replacement
2025/08/Garage-Door-Service-300x200.webp,6180,home,
2025/08/Garage-Door-Service-480x320.webp,10718,home,
2025/08/Garage-Door-Service-768x512.webp,18520,home,
2025/08/Garage-Door-Service.webp,35612,home,Garage Door Service
2025/08/Garage-Door-Specialists-300x200.webp,5190,home,
2025/08/Garage-Door-Specialists-480x320.webp,8938,home,
2025/08/Garage-Door-Specialists-768x512.webp,16092,home,
2025/08/Garage-Door-Specialists.webp,31724,home,Garage Door Specialists
2025/08/Ryan-Garage-Doors-Other-Services.webp,31216,home,Ryan Garage Door's Other Services
2025/08/Trusted-Garage-Door-Service-Huntley-IL-480x320.webp,16754,about,
2025/08/Trusted-Garage-Door-Service-Huntley-IL.webp,80560,about,"Trusted Garage Door Service in Huntley, IL"
2025/09/Affordable-Garage-Door-Opener-Repair-Huntley-IL.webp,27334,garage-door-opener-repair-huntley-il,"Affordable Garage Door Opener Repair Huntley, IL"
2025/09/Excellent-Garage-Door-Replacement-Huntley-IL.webp,94562,garage-door-replacement-huntley-il,"Excellent Garage Door Replacement Huntley, IL"
2025/09/Experienced-Garage-Door-Opener-Repair-Huntley-IL.webp,16934,garage-door-opener-repair-huntley-il,"Experienced Garage Door Opener Repair Huntley, IL"
2025/09/Expert-Garage-Door-Maintenance-Huntley-IL.webp,66966,garage-door-maintenance-huntley-il,"Expert Garage Door Maintenance Huntley, IL"
2025/09/How-To-Choose-The-Right-Garage-Door-For-Replacement-Huntley-IL.webp,74396,blog/how-to-choose-the-right-garage-door-for-replacement,"How To Choose The Right Garage Door For Replacement Huntley, IL"
2025/09/How-To-Choose-The-Right-Garage-Door-For-Replacement-in-Huntley-IL.webp,72934,blog/how-to-choose-the-right-garage-door-for-replacement,"How To Choose The Right Garage Door For Replacement in Huntley, IL"
2025/09/Local-Garage-Door-Replacement-Huntley-IL.webp,80570,garage-door-replacement-huntley-il,"Local Garage Door Replacement Huntley, IL"
2025/09/Premium-Garage-Door-Maintenance-Huntley-IL.webp,92542,garage-door-maintenance-huntley-il,"Premium Garage Door Maintenance Huntley, IL"
2025/09/Professional-Garage-Door-Replacement-Huntley-IL.webp,85174,garage-door-replacement-huntley-il,"Professional Garage Door Replacement Huntley, IL"
2025/09/Quality-Garage-Door-Cable-Repair-Huntley-IL.webp,75858,garage-door-cable-repair-huntley-il,"Quality Garage Door Cable Repair Huntley, IL"
2025/09/Reliable-Garage-Door-Maintenance-Huntley-IL.webp,64512,garage-door-maintenance-huntley-il,"Reliable Garage Door Maintenance Huntley, IL"
2025/09/Reputable-Garage-Door-Opener-Repair-Huntley-IL.webp,16166,garage-door-opener-repair-huntley-il,"Reputable Garage Door Opener Repair Huntley, IL"
2025/09/Signs-Your-Garage-Door-Needs-Immediate-Maintenance-Attention-Huntley-IL.webp,77168,blog/signs-your-garage-door-needs-immediate-maintenance-attention,"Signs Your Garage Door Needs Immediate Maintenance Attention Huntley, IL"
2025/09/Signs-Your-Garage-Door-Needs-Immediate-Maintenance-Attention-in-Huntley-IL.webp,61890,blog/signs-your-garage-door-needs-immediate-maintenance-attention,"Signs Your Garage Door Needs Immediate Maintenance Attention in Huntley, IL"
2025/09/Steps-To-Improve-The-Lifespan-Of-Your-Garage-Door-Opener-Huntley-IL.webp,31856,blog/steps-to-improve-the-lifespan-of-your-garage-door-opener,"Steps To Improve The Lifespan Of Your Garage Door Opener Huntley, IL"
2025/09/Steps-To-Improve-The-Lifespan-Of-Your-Garage-Door-Opener-in-Huntley-IL.webp,40312,blog/steps-to-improve-the-lifespan-of-your-garage-door-opener,"Steps To Improve The Lifespan Of Your Garage Door Opener in Huntley, IL"
2025/09/Superior-Garage-Door-Cable-Repair-Huntley-IL.webp,83686,garage-door-cable-repair-huntley-il,"Superior Garage Door Cable Repair Huntley, IL"
2025/09/The-Impact-Of-Garage-Door-Replacement-On-Home-Value-Huntley-IL.webp,74352,blog/the-impact-of-garage-door-replacement-on-home-value,"The Impact Of Garage Door Replacement On Home Value Huntley, IL"
2025/09/The-Impact-Of-Garage-Door-Replacement-On-Home-Value-in-Huntley-IL.webp,86920,blog/the-impact-of-garage-door-replacement-on-home-value,"The Impact Of Garage Door Replacement On Home Value in Huntley, IL"
2025/09/The-Importance-Of-Timely-Garage-Door-Cable-Maintenance-Huntley-IL.webp,74328,blog/the-importance-of-timely-garage-door-cable-maintenance,"The Importance Of Timely Garage Door Cable Maintenance Huntley, IL"
2025/09/The-Importance-Of-Timely-Garage-Door-Cable-Maintenance-in-Huntley-IL.webp,79754,blog/the-importance-of-timely-garage-door-cable-maintenance,"The Importance Of Timely Garage Door Cable Maintenance in Huntley, IL"
2025/09/Tips-For-Testing-Garage-Door-Safety-Features-Huntley-IL.webp,91566,blog/tips-for-testing-garage-door-safety-features,"Tips For Testing Garage Door Safety Features Huntley, IL"
2025/09/Tips-For-Testing-Garage-Door-Safety-Features-in-Huntley-IL.webp,86106,blog/tips-for-testing-garage-door-safety-features,"Tips For Testing Garage Door Safety Features in Huntley, IL"
2025/09/Top-rated-Garage-Door-Cable-Repair-Huntley-IL.webp,62162,garage-door-cable-repair-huntley-il,"Top-rated Garage Door Cable Repair Huntley, IL"
2025/09/Understanding-The-Mechanics-Of-Garage-Door-Openers-Huntley-IL.webp,22832,blog/understanding-the-mechanics-of-garage-door-openers,"Understanding The Mechanics Of Garage Door Openers Huntley, IL"
2025/09/Understanding-The-Mechanics-Of-Garage-Door-Openers-in-Huntley-IL.webp,30716,blog/understanding-the-mechanics-of-garage-door-openers,"Understanding The Mechanics Of Garage Door Openers in Huntley, IL"
2025/09/What-To-Expect-During-A-Professional-Garage-Door-Cable-Repair-Huntley-IL.webp,75726,blog/what-to-expect-during-a-professional-garage-door-cable-repair,"What To Expect During A Professional Garage Door Cable Repair Huntley, IL"
2025/09/What-To-Expect-During-A-Professional-Garage-Door-Cable-Repair-in-Huntley-IL.webp,78298,blog/what-to-expect-during-a-professional-garage-door-cable-repair,"What To Expect During A Professional Garage Door Cable Repair in Huntley, IL"
2026/05/Affordable-Garage-Door-Repair-Service-400x284.webp,31812,gallery,Affordable Garage Door Repair Service
2026/05/Affordable-Garage-Door-Repair-Service.webp,95116,gallery,
2026/05/Expert-Garage-Door-Fixing-400x284.webp,30250,gallery,Expert Garage Door Fixing
2026/05/Expert-Garage-Door-Fixing.webp,93432,gallery,
2026/05/Professional-Garage-Door-Service-1-400x284.webp,6504,gallery,Professional Garage Door Service
2026/05/Professional-Garage-Door-Service-1.webp,14042,gallery,
2026/05/Professional-Garage-Door-Service-10-400x284.webp,23392,gallery,Professional Garage Door Service
2026/05/Professional-Garage-Door-Service-10.webp,62686,gallery,
2026/05/Professional-Garage-Door-Service-11-400x284.webp,18564,gallery,Professional Garage Door Service
2026/05/Professional-Garage-Door-Service-11.webp,56846,gallery,
2026/05/Professional-Garage-Door-Service-12-400x284.webp,20414,gallery,Professional Garage Door Service
2026/05/Professional-Garage-Door-Service-12.webp,50872,gallery,
2026/05/Professional-Garage-Door-Service-13-400x284.webp,9610,gallery,Professional Garage Door Service
2026/05/Professional-Garage-Door-Service-13.webp,49860,gallery,
2026/05/Professional-Garage-Door-Service-14-400x284.webp,17792,gallery,Professional Garage Door Service
2026/05/Professional-Garage-Door-Service-14.webp,48664,gallery,
2026/05/Professional-Garage-Door-Service-15-400x284.webp,18030,gallery,Professional Garage Door Service
2026/05/Professional-Garage-Door-Service-15.webp,47918,gallery,
2026/05/Professional-Garage-Door-Service-16-400x284.webp,19010,gallery,Professional Garage Door Service
2026/05/Professional-Garage-Door-Service-16.webp,42136,gallery,
2026/05/Professional-Garage-Door-Service-17-400x284.webp,14290,gallery,Professional Garage Door Service
2026/05/Professional-Garage-Door-Service-17.webp,39882,gallery,
2026/05/Professional-Garage-Door-Service-2-400x284.webp,33816,gallery,Professional Garage Door Service
2026/05/Professional-Garage-Door-Service-2.webp,92792,gallery,
2026/05/Professional-Garage-Door-Service-3-400x284.webp,37006,gallery,Professional Garage Door Service
2026/05/Professional-Garage-Door-Service-3.webp,92592,gallery,
2026/05/Professional-Garage-Door-Service-4-400x284.webp,29386,gallery,Professional Garage Door Service
2026/05/Professional-Garage-Door-Service-4.webp,86716,gallery,
2026/05/Professional-Garage-Door-Service-400x284.webp,33824,gallery,Professional Garage Door Service
2026/05/Professional-Garage-Door-Service-5-400x284.webp,27526,gallery,Professional Garage Door Service
2026/05/Professional-Garage-Door-Service-5.webp,86078,gallery,
2026/05/Professional-Garage-Door-Service-6-400x284.webp,22264,gallery,Professional Garage Door Service
2026/05/Professional-Garage-Door-Service-6.webp,72730,gallery,
2026/05/Professional-Garage-Door-Service-7-400x284.webp,26202,gallery,Professional Garage Door Service
2026/05/Professional-Garage-Door-Service-7.webp,72610,gallery,
2026/05/Professional-Garage-Door-Service-8-400x284.webp,20008,gallery,Professional Garage Door Service
2026/05/Professional-Garage-Door-Service-8.webp,65970,gallery,
2026/05/Professional-Garage-Door-Service-9-400x284.webp,23050,gallery,Professional Garage Door Service
2026/05/Professional-Garage-Door-Service-9.webp,63334,gallery,
2026/05/Professional-Garage-Door-Service.webp,99776,gallery,
2026/05/Reliable-Garage-Door-Specialists-400x284.webp,28156,gallery,Reliable Garage Door Specialists
2026/05/Reliable-Garage-Door-Specialists.webp,95428,gallery,
2026/05/Ryan-Garage-Door-logo.webp,38964,about;batavia-il;blog;blog/common-causes-of-garage-door-spring-failures-and-solutions;blog/garage-door-cable-repair;blog/garage-door-installation;blog/garage-door-maintenance;blog/garage-door-opener-repair;blog/garage-door-replacement;blog/garage-door-roller-replacement;blog/garage-door-spring-repair;blog/how-proper-installation-extends-garage-door-lifespan;blog/how-to-choose-the-right-garage-door-for-replacement;blog/preparing-your-space-for-a-garage-door-installation;blog/signs-your-garage-door-needs-immediate-maintenance-attention;blog/steps-to-improve-the-lifespan-of-your-garage-door-opener;blog/the-impact-of-garage-door-replacement-on-home-value;blog/the-importance-of-regular-maintenance-for-garage-door-rollers;blog/the-importance-of-timely-garage-door-cable-maintenance;blog/the-importance-of-timely-garage-door-spring-maintenance;blog/tips-for-testing-garage-door-safety-features;blog/understanding-the-mechanics-of-garage-door-openers;blog/what-to-expect-during-a-professional-garage-door-cable-repair;blog/why-professional-garage-door-roller-replacement-is-essential;contact;faq;gallery;garage-door-cable-repair-huntley-il;garage-door-installation-huntley-il;garage-door-maintenance-huntley-il;garage-door-opener-repair-huntley-il;garage-door-replacement-huntley-il;garage-door-roller-replacement-huntley-il;garage-door-spring-repair-huntley-il;home;mchenry-il;testimonials;vernon-hills-il;west-chicago-il;woodstock-il,Ryan Garage Door
2026/05/Skilled-Garage-Door-Repair-Company-400x284.webp,30010,gallery,Skilled Garage Door Repair Company
2026/05/Skilled-Garage-Door-Repair-Company.webp,94096,gallery,
